Workbook

Sheet Summary
A1: Admissio Yield Forecaster: Technical RAID log
A3: Risks | B3: =COUNTA(Risks!A2:A100) -> 8
A4: High-rated risks | B4: =COUNTIF(Risks!F2:F100,"High") -> 5
A5: Open or mitigating risks | B5: =COUNTIF(Risks!J2:J100,"Open")+COUNTIF(Risks!J2:J100,"Mitigating") -> 8
A6: Assumptions | B6: =COUNTA(Assumptions!A2:A100) -> 5
A7: Open issues | B7: =COUNTIF(Issues!F2:F100,"Open") -> 3
A8: Dependencies | B8: =COUNTA(Dependencies!A2:A100) -> 6
A10: Scoring: Score = Likelihood x Impact. High is 6 or more, Medium 3 to 5, Low below 3.
A11: Blue cells on the Risks sheet are inputs; edit them when a risk is reassessed at sprint review.
A12: Baseline ratios in R1 and I4 come from python -m src.models.baseline on the 2024 IPEDS holdout.

Sheet Risks
A1: ID | B1: Risk | C1: Likelihood (1-3) | D1: Impact (1-3) | E1: Score | F1: Rating | G1: Owner | H1: Mitigation | I1: Sprint | J1: Status
A2: R1 | B2: Forecast error stays higher for small, for-profit and HBCU institutions (baseline ratios 2.71, 3.81 and 1.39 against a 1.25 limit). | C2: 3 | D2: 3 | E2: =C2*D2 -> 9 | F2: =IF(E2>=6,"High",IF(E2>=3,"Medium","Low")) -> High | G2: Analyst | H2: Train on pooled peers with group-weighted loss, report Fairlearn group error at every run and block releases above 1.25. | I2: Sprint 3 | J2: Open
A3: R2 | B3: Three IPEDS years give too little history for per-institution time-series models. | C3: 2 | D3: 3 | E3: =C3*D3 -> 6 | F3: =IF(E3>=6,"High",IF(E3>=3,"Medium","Low")) -> High | G3: Analyst | H3: Pool institutions in one panel model and add earlier ADM releases if holdout error does not fall. | I3: Sprint 2 | J3: Open
A4: R3 | B4: Admission test policy changes (88 institutions in 2024) break historical yield patterns. | C4: 2 | D4: 2 | E4: =C4*D4 -> 4 | F4: =IF(E4>=6,"High",IF(E4>=3,"Medium","Low")) -> Medium | G4: Analyst | H4: Add a policy-change feature and report error separately for changed institutions. | I4: Sprint 3 | J4: Open
A5: R4 | B5: New IPEDS releases change headers, encodings or codes. | C5: 3 | D5: 2 | E5: =C5*D5 -> 6 | F5: =IF(E5>=6,"High",IF(E5>=3,"Medium","Low")) -> High | G5: Analyst | H5: Validate every load against the pandera schema in CI so drift fails the build. | I5: Sprint 2 | J5: Mitigating
A6: R5 | B6: Partner tenant data leak once Admissio aggregates enter the pipeline. | C6: 1 | D6: 3 | E6: =C6*D6 -> 3 | F6: =IF(E6>=6,"High",IF(E6>=3,"Medium","Low")) -> Medium | G6: Product team | H6: Aggregate inside each tenant, collect only counts, encrypt at rest in R2 and scope API keys per tenant. | I6: Sprint 4 | J6: Open
A7: R6 | B7: Offer plans used to cut places for under-resourced institutions. | C7: 2 | D7: 3 | E7: =C7*D7 -> 6 | F7: =IF(E7>=6,"High",IF(E7>=3,"Medium","Low")) -> High | G7: Ethics Review Panel | H7: Require named human approval of each offer plan and log every approval. | I7: Sprint 4 | J7: Open
A8: R7 | B8: Python models cannot run inside Cloudflare Workers. | C8: 2 | D8: 2 | E8: =C8*D8 -> 4 | F8: =IF(E8>=6,"High",IF(E8>=3,"Medium","Low")) -> Medium | G8: Analyst | H8: Serve precomputed forecasts and intervals as JSON from R2 through the Worker. | I8: Sprint 4 | J8: Open
A9: R8 | B9: One analyst cannot deliver pipeline, model and dashboard in four sprints. | C9: 3 | D9: 2 | E9: =C9*D9 -> 6 | F9: =IF(E9>=6,"High",IF(E9>=3,"Medium","Low")) -> High | G9: Analyst | H9: Prioritise tickets each sprint and defer dashboard extras before model or fairness work. | I9: All | J9: Open

Sheet Assumptions
A1: ID | B1: Assumption | C1: Validation | D1: Owner | E1: Validate by
A2: A1 | B2: Institution-level yield drivers in US data carry over structurally to Nigerian private universities until partner data exist. | C2: Compare first partner cycles against forecasts before any production use. | D2: Analyst | E2: Sprint 5
A3: A2 | B3: NCES keeps publishing the admissions component annually in the same structure. | C3: Schema checks in CI flag any change on load. | D3: Analyst | E3: Sprint 2
A4: A3 | B4: Institution-level aggregates are enough for offer planning without applicant records. | C4: Confirm with admissions directors during the Sprint 4 review. | D4: Product team | E4: Sprint 4
A5: A4 | B5: Partners will share aggregated cycle counts under a data processing agreement. | C5: Draft the agreement with the first partner's data protection lead. | D5: Co-founder | E5: Sprint 4
A6: A5 | B6: The Ethics Review Panel can review each sprint's release within one week. | C6: Book review sessions at sprint planning. | D6: Co-founder | E6: All

Sheet Issues
A1: ID | B1: Issue | C1: Severity | D1: Owner | E1: Response | F1: Status
A2: I1 | B2: Header spelling and text encodings differ between IPEDS files. | C2: High | D2: Analyst | E2: read_ipeds_csv normalises headers and strips the byte-order mark. | F2: Resolved
A3: I2 | B3: 89 records report applicants without usable admit or enrolment counts. | C3: Medium | D3: Analyst | E3: Exclude from the yield target and keep for the demand model. | F3: Open
A4: I3 | B4: Only two tribal colleges report, too few for group evaluation. | C4: Medium | D4: Analyst | E4: Report the group as unassessed on the dashboard. | F4: Open
A5: I4 | B5: The naive baseline already breaches the 1.25 fairness ratio for three groups. | C5: High | D5: Analyst | E5: Treat as the Sprint 3 acceptance test for the new model. | F5: Open
A6: I5 | B6: IPEDS splits the funnel by gender only, so applicant demographics cannot be audited. | C6: Low | D6: Analyst | E6: Limit fairness claims to institution groups and state the limit in the model card. | F6: Accepted

Sheet Dependencies
A1: ID | B1: Dependency | C1: Provider | D1: Needed by | E1: Contingency
A2: D1 | B2: IPEDS annual data releases | C2: NCES (external) | D2: Sprint 2 | E2: Raw files committed and tagged, so work continues if the portal is down.
A3: D2 | B3: Cloudflare R2 and Workers on the Admissio account | C3: Admissio product team | D3: Sprint 4 | E3: Provision a separate project namespace early.
A4: D3 | B4: Pinned Python libraries (pandas, LightGBM, Fairlearn, SHAP, MLflow) | C4: Open-source maintainers | D4: All | E4: Versions pinned in requirements.txt and tested in CI.
A5: D4 | B5: Ethics Review Panel sign-off | C5: Co-founder, partner data protection leads, external adviser | D5: Sprints 3 to 5 | E5: No release without sign-off.
A6: D5 | B6: Admissio tenant API exposing aggregated cycle counts | C6: Admissio product team | D6: Sprint 5 | E6: IPEDS-only release proceeds if the API is late.
A7: D6 | B7: GitHub Actions continuous integration | C7: GitHub | D7: All | E7: Tests run locally with pytest when CI is unavailable.
